CATEGORY SC,CATEGORY SHOTGUN,GENRE SC,GENRE SHOTGUN,Remarque,,
african,,afro soul,soul,,,
african,,afro-funk,funk,,,- I put the value NA as the Shotgun subgenre when the SC subgenre is not really a musical genre
african,,afrofuturism,afro,,,eg : comic
african,,alte,afro,,,
african,,coupe-decale,afro,,,- I put Null as the Shotgun subgenre when the SC subgenre cannot be linked to a Shotgun one.
african,,gnawa,afro,,,ex : electroclash
african,,griot,afro,,,
african,,kuduro,afro,,,- The Shotgun garage subgenre currently belongs to the UK genre (I probably also suggested that). I think now it is a mistake.
african,,mbalax,afro,,,"garage is a genre invented in New York in the 80s, merging disco vocals and chicago house sounds."
african,,morna,afro,,,https://music.ishkur.com/?query=Garage
african,,musique urbaine kinshasa,afro,,,I would thus suggest to move it under the house genre.
african,,rai,afro,,,"uk garage is slighly different, introducing dirtier basslines, looong breakdowns making it darker and heavier."
african,,rif,afro,,,https://music.ishkur.com/?query=SpeedGarage
african,,semba,afro,,,The difference is subtile but I think UK garage fans will get it.
african,,shatta,dancehall,,,
alternative,,alt z,hip hop,,,- The Shotgun ibm subgenre does not ring me a bell. I don't find any information on the web.
alternative,,alternative,pop,,,I have the impression that this is a typo of idm which is indeed a genre (Intelligent Dance Music)
alternative,,alternative americana,pop,,,
alternative,,alternative rock,indie rock,,,"- The Shotgun edm, club and dance subgenres are interchangeable. I would suggest to keep only one (edm)."
alternative,,arab alternative,afro,,,
alternative,,bubblegrunge,indie rock,,,- the deep house subgenre is often mislabelled.
alternative,,cuban alternative,Null,latino / brazilian,,"Deep house is originally a house subgenre, jazzy and subtle. https://music.ishkur.com/?query=USDeepHouse"
alternative,,dance-punk,indie rock,,,"However recently, lots of Youtube videos labels EDM tracks as deep house. https://www.youtube.com/watch?v=DsAd2Brhr-M"
alternative,,deep latin alternative,Null,latino / brazilian,,I chose to link SC subgenres to deep house when they are house and edm when they are EDM.
alternative,,dreamo,rock,,,e.g: the SC turkish deep house subgenre is linked to edm and not deep house as it falls into the second category.
alternative,,eau claire indie,pop,,,
alternative,,escape room,r&b,,,- There is a minimal synth subgenre within the dance genre.
alternative,,fort worth indie,pop,,,"Minimal synth is a musical movement that goes hand in hand with space synth, synth wave, dark synth, cyberpunk, etc."
alternative,,french shoegaze,indie rock,,,One could call this musical genre synthwave.
alternative,,georgian alternative,Null,,,"Without requiring to create a genre (because Shotgun probably made this choice due to the lack of relevant events),"
alternative,,ghanaian alternative,afro,,,"the fact of only including minimal synth is not, in my opinion, the most relevant choice."
alternative,,grungegaze,rock,,,"We could imagine putting synthwave instead, which would have the advantage of being able to associate all the trends of the genre."
alternative,,indie rock,indie rock,,,"The space synth, synth wave, dark synth, cyberpunk events/artists would thus be grouped together (and not Null as they are now)."
alternative,,indie surf,rock,,,
alternative,,kenyan alternative,afro,,,"- When a subgenre exists in Souncharts but not in Shotgun, I've linked it to Null even if a parent genre could have corresponded."
alternative,,modern alternative rock,indie rock,,,"ex : cuban alternative exists in SC, but not in Shotgun. I've thus linked it to Null thought it is related to the parent genre latin / brazilian"
alternative,,new rave,new rave,,,"I would suggest that, for each genre, a sub-genre of the same name should exist (as is already the case for the afro, dance, experimental, hip hop, house, metel, pop, reggae dub, rock, techno, industrial genres, trance)."
alternative,,new tribe,Null,,,NB1 : Reggae / dub does not require a subgenre named Reggae / dub because the subgenres already cover enought.
alternative,,nu gaze,indie rock,,,NB2 : the hard music genre already has the hardcore subgenre to link every subgenre that cannot be linked to another one.
alternative,,polish alternative,rock,,,"My suggestion is therefore to create the Latin/Brazilian, UK and instrumental subgenres."
alternative,,progressive alternative,rock,,,"Thus the SC cuban alternative, deep latin alternative, tropical alternativo etc. subgenres could be linked to the Latin/Brazilian Shotgun genre"
alternative,,shoegaze,indie rock,,,
alternative,,south african alternative,afro,,,"- When a subgenre exists in Soundcharts but not in Shotgun but a Shotgun subgenre seems close enough, I link it to that one."
alternative,,tropical alternativo,Null,latino / brazilian,,ex: SC dance-punk is not exactly indie rock but close enough so that fans of this genre find it normal that their favorite dance-punk band finds itself labeled indie rock.
alternative,,xtra raw,hardstyle,,,They will find it more relevant than just rock.
american,,austindie,pop,,,
american,,jersey club,jersey club,,,"- We often see regional designations of a genre. e.g: australian house, french house, greek house"
american,,lilith,pop,,,"-> Some of them are commercial subgenres, meaning that they just aim at grouping artists from a same regional space"
american,,no wave,rock,,,but not necessarly sharing musical caracteristics
american,,raspe,reggaeton,,,"e.g greek house covers a lot of different genres (eurohouse, bass house, melodic house)"
american,,santa fe indie,pop,,,-> Some really are relevant subgenres with their own identity
american,,singer-songwriter,NA,,,"e.g french house, UK house are specific subgenres of house"
american,,singer/songwriter,NA,,,-> Some have their own identity without having anything to do with the designated genre
american,,stateside dnb,drum & bass,,,e.g dutch house which is far from being house
asian,,doujin,Null,,,Thus each one of those has been linked to the most relevant Shotgun subgenre.
asian,,goa psytrance,psytrance,,,
asian,,j-core,hardcore,,,- Afrobeat (nigerian jazz) is defferent from afrobeats (afro pop)
asian,,opm,Null,,,Thus the afrobeats subgenres are linked to afro and not afrobeat.
asian,,otacore,Null,,,
asian,,regional indian,Null,,,- SC confuses punk (the rock related subgenre) and punk (a brazilian designation related to traditional music).
asian,,shibuya-kei,Null,,,I corrected the issues linking Shotgun subgenres to the relevant SC ones.
asian,,thai pop,Null,,,
australian,,aussietronica,electronica,,,- SC confuses sometimes hardcore (the electronic music subgenre) and hardcore (a punk subgenre).
australian,,didgeridoo,Null,,,I corrected the issues linking Shotgun subgenres to the relevant SC ones.
australian,,melbourne bounce international,dance,,,
blues,,electric blues,blues,,,- Trap is a name for two different genres: the rap one (with rapping) and the bass one (most of the times without vocals).
blues,,malian blues,Null,It's way closer to malian traditional music than blues. Blues fans would get confused assisting to a malian blues concert thinking it's blues.,,"Regarding that, I linked the trap subgenres to the most relevant ones."
blues,,piano blues,blues,,,- Nu Disco comes from EBM which is an industrial subgenre but losing a bit of its industrial dna.
blues,,soul blues,blues,,,I guess you could put all the Nu disco subgenres under house.
blues,,stomp and holler,pop,,,
children's music,,musica infantil,Null,,,
children's music,,nz children's music,Null,,,
"classical, ensemble & opera",,classical,classical,,,
"classical, ensemble & opera",,classical cello,classical,,,
"classical, ensemble & opera",,neo-classical,classical,,,
"classical, ensemble & opera",,polyphony,classical,,,
"classical, ensemble & opera",,violao classico,classical,,,
comedy & spoken word,,comedy,NA,,,
comedy & spoken word,,comic,NA,,,
country,,country,country,,,
country,,country rock,country,,,
electronic,,abstract beats,experimental,,,
electronic,,abstract idm,idm,,,
electronic,,acid house,acid house,,,
electronic,,acid techno,acid techno,,,
electronic,,acid trance,trance,,,
electronic,,acidcore,acidcore,,,
electronic,,african electronic,Null,,,
electronic,,afro house,afro house,,,
electronic,,afrobeat,afrobeat,,,
electronic,,aggrotech,industrial,,,
electronic,,alternative dance,alternative dance,,,
electronic,,amapiano,afro house,,,
electronic,,ambient,ambient,,,
electronic,,ambient dub techno,dub techno,,,
electronic,,ambient house,ambient,,,
electronic,,ambient idm,ambient,,,
electronic,,ambient psychill,ambient,,,
electronic,,ambient techno,ambient,,,
electronic,,arab electronic,Null,,,
electronic,,atmospheric dnb,drum & bass,,,
electronic,,australian ambient,ambient,,,
electronic,,australian dance,dance,,,
electronic,,australian house,house,Catch-all for autralian electronic uptempo music artists. It's often housy and mostly tech house (because of the influence of FISHER).,,
electronic,,australian techno,techno,"Catch-all for autralian electronic dark music artists. It is sometimes techno, sometimes not.",,
electronic,,austrian techno,german techno,Very similar,,
electronic,,balearic,balearic,,,
electronic,,balkan beats,Null,,,
electronic,,bass house,bass house,,,
electronic,,bass music,bass,,,
electronic,,bass trap,bass,,,
electronic,,bass trip,bass,,,
electronic,,basshall,bass,bass music with reggae vocals. The lack of emphasis on the vocals makes it closer to bass than reggae.,,
electronic,,batida,afro,,,
electronic,,belgian dance,dance,,,
electronic,,belgian edm,edm,,,
electronic,,belgian electronic,Null,,,
electronic,,belgian techno,techno,,,
electronic,,big beat,breakbeat,,,
electronic,,big room,electro house,,,
electronic,,bleep techno,techno,,,
electronic,,bosnian electronic,Null,,,
electronic,,boston electronic,Null,,,
electronic,,bouncy house,house,,,
electronic,,braindance,idm,,,
electronic,,brazilian edm,edm,,,
electronic,,brazilian house,edm,Catch-all for brazilian uptempo electronic music artists. It is hard to differentiate from brazilian EDM. https://musicalyst.com/genre/brazilian-house,,
electronic,,brazilian techno,techno,"Catch-all for brazilian dark electronic music artists. Sometimes it is techno, sometimes not.",,
electronic,,breakcore,breakcore,,,
electronic,,bristol electronic,uk garage,,,
electronic,,brostep,dubstep,,,
electronic,,bubble trance,eurodance,,,
electronic,,bubblegum dance,eurodance,,,
electronic,,bulgarian electronic,Null,,,
electronic,,canadian electronic,Null,,,
electronic,,canadian house,house,,,
electronic,,chicago house,chicago house,,,
electronic,,chill baile,downtempo,,,
electronic,,chillhop,downtempo,,,
electronic,,chillstep,downtempo,,,
electronic,,chillsynth,downtempo,,,
electronic,,chillwave,downtempo,,,
electronic,,chiptune,Null,,,
electronic,,christian dance,dance,,,
electronic,,circuit,dance,,,
electronic,,classic dubstep,dubstep,,,
electronic,,classic hardstyle,hardstyle,,,
electronic,,classic house,chicago house,classic house is Chicago house :  https://music.ishkur.com/?query=ChicagoHouse,,
electronic,,classic progressive house,progressive house,,,
electronic,,cologne electronic,Null,,,
electronic,,colombian electronic,Null,,,
electronic,,complextro,electro house,,,
electronic,,compositional ambient,ambient,,,
electronic,,croatian electronic,Null,,,
electronic,,cyberpunk,Null,,,
electronic,,dance,dance,,,
electronic,,dancefloor dnb,dance,,,
electronic,,danish electronic,Null,,,
electronic,,danish techno,techno,,,
electronic,,dark clubbing,industrial,,,
electronic,,dark minimal techno,minimal techno,,,
electronic,,dark progressive house,progressive house,,,
electronic,,dark psytrance,dark psytrance,,,
electronic,,dark techno,melodic house & techno,"Kevin de Vries, Hidden Empire, Maxim Dark",,
electronic,,darkstep,drum & bass,,,
electronic,,darksynth,Null,,,
electronic,,deconstructed club,idm,,,
electronic,,deep breakcore,hardcore,,,
electronic,,deep darkpsy,dark psytrance,,,
electronic,,deep deep house,deep house,,,
electronic,,deep disco house,deep house,,,
electronic,,deep dnb,drum & bass,,,
electronic,,deep dubstep,dubstep,,,
electronic,,deep euro house,edm,"Klangkarussel, Fritz Kalkbrenner. Eurohouse is the EDM bent of house. Deep eurohouse is certainly less flashy but still EDM.",,
electronic,,deep filthstep,dubstep,,,
electronic,,deep full on,psytrance,,,
electronic,,deep funk house,deep house,,,
electronic,,deep groove house,deep house,,,
electronic,,deep hardtechno,hard techno,,,
electronic,,deep house,deep house,,,
electronic,,deep idm,idm,,,
electronic,,deep liquid bass,drum & bass,,,
electronic,,deep minimal techno,deep minimal techno,,,
electronic,,deep progressive house,progressive house,,,
electronic,,deep progressive trance,progressive trance,,,
electronic,,deep psytrance,progressive psytrance,,,
electronic,,deep soul house,deep house,,,
electronic,,deep tech house,deep tech,,,
electronic,,deep techno,deep techno,,,
electronic,,deep tropical house,edm,"Petit Biscuit-like tracks. Lots of drops, little groove/soul. https://open.spotify.com/playlist/49W2BLxvDqnN3hsFLAIoqc?si=71a06293496c4488",,
electronic,,destroy techno,hard techno,,,
electronic,,detroit house,chicago house,Hard to differentiate. It's more a label thing than musical.,,
electronic,,detroit techno,detroit techno,,,
electronic,,digital hardcore,hardcore,,,
electronic,,disco house,disco house,,,
electronic,,diva house,disco house,,,
electronic,,doomcore,hardcore,,,
electronic,,downtempo,downtempo,,,
electronic,,downtempo bass,downtempo,,,
electronic,,drill and bass,idm,,,
electronic,,drum and bass,drum & bass,,,
electronic,,drumfunk,drum & bass,,,
electronic,,dub techno,dub techno,,,
electronic,,dubstep,dubstep,,,
electronic,,dubsteppe,edm,=/= dubstep. Little information on that except the Spotify playlist: https://open.spotify.com/playlist/52znEJwTNgZg2n1T8C0WcV?si=a62e3a4d66e8462b,,
electronic,,dusseldorf electronic,Null,,,
electronic,,dutch edm,edm,,,
electronic,,dutch experimental electronic,Null,"A catch-all. There is industrial, techno, ambient, not systematically experimental either.",,
electronic,,dutch house,edm,far from house music : https://open.spotify.com/playlist/2A2qSpDa4K8gD55D7sDJe7,,
electronic,,dutch tech house,tech house,,,
electronic,,dutch trance,edm,,,
electronic,,ebm,ebm,,,
electronic,,edm,edm,,,
electronic,,electra,dance,,,
electronic,,electro,electro,,,
electronic,,electro dub,dub,,,
electronic,,electro house,electro house,,,
electronic,,electro latino,electro,,,
electronic,,electro swing,dance,,,
electronic,,electro-industrial,industrial,,,
electronic,,electroclash,Null,,,
electronic,,electrofox,electro,,,
electronic,,electronic,Null,,,
electronic,,electronica,electronica,,,
electronic,,electronica argentina,electronica,,,
electronic,,electronica chilena,electronica,,,
electronic,,electronica peruana,electronica,,,
electronic,,electronica venezuela,electronica,,,
electronic,,electropop,pop,,,
electronic,,elektropunk,punk,,,
electronic,,ethnotronica,downtempo,"From what I've heard, it has less vocals than electronica, focusing on the slow/chill electronic sounds.",,
electronic,,euphoric hardstyle,hardstyle,,,
electronic,,experimental ambient,ambient,,,
electronic,,experimental club,experimental,,,
electronic,,experimental dub,dub,,,
electronic,,experimental dubstep,dubstep,,,
electronic,,experimental electronic,experimental,,,
electronic,,experimental house,house,,,
electronic,,experimental techno,techno,,,
electronic,,fidget house,electro house,,,
electronic,,filter house,house,,,
electronic,,filthstep,dubstep,,,
electronic,,finnish electronic,Null,,,
electronic,,finnish techno,techno,,,
electronic,,float house,deep house,,,
electronic,,fluxwork,ambient,,,
electronic,,focus beats,downtempo,,,
electronic,,focus trance,melodic house & techno,"Has more to do with melodic techno than trance: long drops, arp melodies, dark bass. https://open.spotify.com/playlist/1N88gD04NZ5Q8RdDl27Cve",,
electronic,,footwork,footwork,,,
electronic,,forest psy,dark psytrance,,,
electronic,,frankfurt electronic,Null,,,
electronic,,french dub,dub,,,
electronic,,french indietronica,electronica,,,
electronic,,french tech house,tech house,,,
electronic,,french techno,techno,,,
electronic,,frenchcore,frenchcore,,,
electronic,,full on,psytrance,,,
electronic,,funky house,disco house,,,
electronic,,funky tech house,tech house,,,
electronic,,future bass,uk garage,,,
electronic,,future garage,uk garage,,,
electronic,,future house,edm,Mix of eurohouse and electrohouse with heavy bass and lots of drops.,,
electronic,,gabba,hardtek,,,
electronic,,gaming dubstep,dubstep,,,
electronic,,gaming edm,edm,,,
electronic,,garage house,deep house,,,
electronic,,georgian electronic,Null,,,
electronic,,german dance,dance,,,
electronic,,german dark minimal techno,minimal techno,,,
electronic,,german electronica,electronica,,,
electronic,,german house,melodic house & techno,,,
electronic,,german tech house,tech house,,,
electronic,,german techno,german techno,,,
electronic,,german trance,hard trance,https://music.ishkur.com/?query=GermanTrance#,,
electronic,,ghettotech,ghettotech,,,
electronic,,glitch,idm,,,
electronic,,glitch hop,Null,Should be linked to UK.,,
electronic,,glitchbreak,Null,Should be linked to UK.,,
electronic,,glitchcore,idm,,,
electronic,,goa trance,psytrance,,,
electronic,,greek house,edm,Catch-all for greek electronic uptempo music artists. Overall it's more edm than house. https://www.chosic.com/genre-chart/greek-house/,,
electronic,,greek techno,techno,,,
electronic,,groove room,edm,Omnipresent pop vocals. https://www.chosic.com/genre-chart/groove-room/,,
electronic,,haitian dance,afro,Very close to hatitian traditional music.,,
electronic,,halftime dnb,drum & bass,,,
electronic,,hamburg electronic,Null,,,
electronic,,hard bass,hardcore,,,
electronic,,hard minimal techno,hard techno,,,
electronic,,hard techno,hard techno,,,
electronic,,hard trance,hard trance,,,
electronic,,hardcore techno,hard techno,,,
electronic,,hardstyle,hardstyle,,,
electronic,,hardtekk,hardtek,,,
electronic,,hardvapour,Null,"It is described as a joke. It seems hard to extract musical caracteristics. https://en.wikipedia.org/wiki/Hardvapour, https://open.spotify.com/playlist/3uxKTCL9tzfBk4waAP3u9F",,
electronic,,hauntology,experimental,,,
electronic,,hi-nrg,disco,,,
electronic,,hi-tech,dark psytrance,,,
electronic,,high-tech minimal,minimal techno,,,
electronic,,house,house,,,
electronic,,house argentino,house,,,
electronic,,hungarian edm,edm,,,
electronic,,hungarian techno,techno,,,
electronic,,icelandic electronic,Null,,,
electronic,,indian electronic,Null,,,
electronic,,indian techno,techno,,,
electronic,,industrial,industrial,,,
electronic,,industrial techno,german techno,subgenre of german techno. Emphasis on percussions with industrial sounds.,,
electronic,,intelligent dance music,idm,,,
electronic,,irish electronic,Null,,,
electronic,,irish techno,techno,,,
electronic,,israeli techno,melodic house & techno,https://open.spotify.com/playlist/7qZJbvzWIqM8WHJnedJzXX,,
electronic,,italian electronica,electronica,,,
electronic,,italian tech house,tech house,,,
electronic,,italian techno,techno,,,
electronic,,italian trance,edm,Eurotrance,,
electronic,,jackin' house,chicago house,Very close. Little bit faster and more energetic. https://pressureradio.com/jackin-house/,,
electronic,,japanese electronic,Null,,,
electronic,,japanese house,house,,,
electronic,,japanese techno,techno,,,
electronic,,jazz house,deep house,Very close. See https://music.ishkur.com/?query=USDeepHouse,,
electronic,,jump up,drum & bass,,,
electronic,,jumpstyle,hardstyle,,,
electronic,,jumptek,hardstyle,,,
electronic,,jungle,jungle,,,
electronic,,korean electronic,Null,,,
electronic,,latin house,house,,,
electronic,,latin tech house,tech house,,,
electronic,,leipzig electronic,Null,,,
electronic,,lithuanian electronic,Null,,,
electronic,,lo-fi,downtempo,,,
electronic,,lo-fi beats,downtempo,,,
electronic,,lo-fi brasileiro,downtempo,,,
electronic,,lo-fi house,micro house,,,
electronic,,lo-fi rap,rap,,,
electronic,,macedonian electronic,Null,,,
electronic,,mandible,Null,"Apparently, mandible designate both an ambient and metal subgenre https://www.chosic.com/genre-chart/mandible/ https://volt.fm/genre/2689/mandible#:~:text=Mandible%20is%20a%20genre%20of,punk%2C%20and%20post%2Dhardcore. ",,
electronic,,melodic dubstep,edm,Brostep with pop vocals,,
electronic,,melodic techno,melodic house & techno,,,
electronic,,mexican edm,edm,,,
electronic,,mexican electronic,Null,,,
electronic,,mexican tech house,tech house,,,
electronic,,mexican techno,techno,,,
electronic,,microhouse,micro house,,,
electronic,,minimal dnb,drum & bass,,,
electronic,,minimal dub,dub techno,,,
electronic,,minimal dubstep,dubstep,,,
electronic,,minimal melodic techno,melodic house & techno,,,
electronic,,minimal synth,minimal synth,,,
electronic,,minimal tech house,tech house,,,
electronic,,minimal techno,minimal techno,,,
electronic,,modular synth,ambient,,,
electronic,,modular techno,techno,,,
electronic,,moombahton,bass,,,
electronic,,munich electronic,Null,,,
electronic,,neurofunk,drum & bass,,,
electronic,,neurostep,drum & bass,,,
electronic,,new beat,industrial,,,
electronic,,new french touch,electro,,,
electronic,,new isolationism,ambient,,,
electronic,,ninja,downtempo,,,
electronic,,nitzhonot,psytrance,,,
electronic,,norwegian house,house,,,
electronic,,norwegian techno,techno,,,
electronic,,nu electro,Null,electro being originally the Kraftwerk sound. It's far from what we call electro which is electrohouse.,,
electronic,,nz dnb,drum & bass,,,
electronic,,nz electronic,Null,,,
electronic,,old school hard trance,hard trance,,,
electronic,,organic electronic,downtempo,,,
electronic,,organic house,tribal house,,,
electronic,,outsider house,micro house,,,
electronic,,persian electronic,Null,,,
electronic,,polish electronica,electronica,,,
electronic,,polish techno,techno,,,
electronic,,pop dance,dance,,,
electronic,,pop edm,edm,,,
electronic,,pop electronico,pop,,,
electronic,,portuguese techno,techno,,,
electronic,,power electronics,industrial,,,
electronic,,progressive breaks,breakbeat,,,
electronic,,progressive electro house,electro house,,,
electronic,,progressive house,progressive house,,,
electronic,,progressive psytrance,progressive psytrance,,,
electronic,,progressive trance,progressive trance,,,
electronic,,progressive trance house,progressive house,,,
electronic,,progressive uplifting trance,edm,Eurotrance,,
electronic,,proto-techno,experimental,Experimentations prior to techno but not techno,,
electronic,,psybass,dubstep,chill dubstep with psy sounds,,
electronic,,psychedelic trance,psytrance,,,
electronic,,psychill,psytrance,,,
electronic,,psytech,dark psytrance,,,
electronic,,purple sound,Null,Energic future bass. Should be linked to UK.,,
electronic,,ragga jungle,jungle,,,
electronic,,raggatek,hardtek,,,
electronic,,rave,techno,,,
electronic,,raw techno,hard techno,,,
electronic,,rawstyle,hardstyle,,,
electronic,,re:techno,german techno,,,
electronic,,riddim dubstep,dubstep,,,
electronic,,romanian electronic,Null,,,
electronic,,russian edm,edm,,,
electronic,,russian electronic,Null,,,
electronic,,russian experimental electronic,experimental,,,
electronic,,russian techno,techno,,,
electronic,,schranz,hard techno,,,
electronic,,scottish electronic,Null,,,
electronic,,scottish techno,techno,,,
electronic,,serbian electronic,Null,,,
electronic,,sky room,edm,,,
electronic,,slap house,edm,,,
electronic,,slovenian electronic,Null,,,
electronic,,slow game,hip hop,,,
electronic,,solo wave,pop,,,
electronic,,soulful house,house,,,
electronic,,south african electronic,Null,,,
electronic,,south african house,afro house,,,
electronic,,south african pop dance,dance,,,
electronic,,space ambient,ambient,,,
electronic,,spanish electronic,Null,,,
electronic,,spanish techno,techno,,,
electronic,,speed garage,uk garage,,,
electronic,,speedcore,hardcore,,,
electronic,,substep,dubstep,,,
electronic,,swedish electronic,Null,,,
electronic,,swedish house,electro house,,,
electronic,,swedish synth,pop,Swedish synthpop,,
electronic,,swedish techno,techno,,,
electronic,,swiss house,house,,,
electronic,,swiss techno,techno,,,
electronic,,synthwave,Null,,,
electronic,,tape club,indie rock,,,
electronic,,tech house,tech house,,,
electronic,,techno,techno,,,
electronic,,techno argentina,techno,,,
electronic,,techno rave,hard techno,,,
electronic,,tekno,hard techno,,,
electronic,,tijuana electronic,Null,,,
electronic,,trance,trance,,,
electronic,,trance brasileiro,psytrance,I couldn't find one trance track. Only psytrance. https://open.spotify.com/playlist/3ofLiCvTC8YguAJ45fIqEC,,
electronic,,trance mexicano,psytrance,I couldn't find one trance track. Only psytrance. https://open.spotify.com/playlist/5E2dx9KsudEf6PNFcgF3NK,,
electronic,,trap queen,trap,Rap trap (not electronic trap).,,
electronic,,traprun,trap,Bass trap. Trap is a name for two different genres: the rap one (with rapping) and the bass one (most of the times without vocals),,
electronic,,tribal house,tribal house,,,
electronic,,tropical house,edm,"Pop vocals, simple melodies.",,
electronic,,turkish deep house,edm,"Pop vocals, simple melodies, heavy bass, lots of drops.",,
electronic,,turkish edm,edm,,,
electronic,,turkish electronic,Null,,,
electronic,,uk dance,dance,,,
electronic,,uk dub,dub,,,
electronic,,uk experimental electronic,experimental,,,
electronic,,uk house,house,,,
electronic,,uk tech house,tech house,,,
electronic,,ukrainian electronic,Null,,,
electronic,,uplifting trance,edm,Eurotrance,,
electronic,,vapor house,house,,,
electronic,,vapor twitch,Null,,,
electronic,,vaporwave,vaporwave,,,
electronic,,vietnamese electronic,Null,,,
electronic,,vintage french electronic,Null,Catch-all. No necessarily electronic music.,,
electronic,,vocal house,edm,Very close to mainstream deep house. https://open.spotify.com/playlist/37i9dQZF1EIfmOdlu00M3T https://www.youtube.com/watch?v=R4vOYR_8mv8,,
electronic,,vogue,bass,Occasionnally housy but mostly bass,,
electronic,,wave,bass,dark future bass,,
electronic,,weightless,Null,A UK subgenre (derived from grime but with less vocals). Should be linked to the UK genre.,,
electronic,,wonky,bass,,,
electronic,,zenonesque,progressive psytrance,,,
european,,austrian dnb,drum & bass,,,
european,,belgian dnb,drum & bass,,,
european,,belgian new wave,new rave,,,
european,,brazilian bass,edm,"Based on the Spotify Playlist, very close to commercial deep house",,
european,,britpop,pop,,,
european,,chalga,pop,,,
european,,classic schlager,pop,,,
european,,deep german indie,pop,"Catch all. Pop, new wave, indie",,
european,,disco polo,pop,,,
european,,dutch dnb,drum & bass,,,
european,,eurodance,eurodance,,,
european,,europop,dance,,,
european,,eurovision,pop,,,
european,,french dnb,drum & bass,,,
european,,german dnb,drum & bass,,,
european,,greek swing,pop,,,
european,,grimewave,bass,ambient bass,,
european,,gypsy,Null,,,
european,,gypsy fusion,Null,,,
european,,hurdy-gurdy,Null,Medieval inspired instrumental music,,
european,,italian lounge,Null,"Latin music (bossa nova, mambo etc.) by italian artists. Should be linked to latino / brazilian",,
european,,madchester,indie rock,,,
european,,neue deutsche harte,metal,,,
european,,norwegian prog,rock,Progressive rock,,
european,,norwegian space disco,house,Close to Nu disco.,,
european,,polyphonies corses,Null,,,
european,,rap francais nouvelle vague,rap,,,
european,,rhode island indie,pop,,,
european,,rio grande do sul indie,Null,Indie folk inspired. Should be linked to latino / brazilian,,
european,,ritmo kombina,reggaeton,Electronic progressive reggaeton.,,
european,,rominimal,minimal techno,,,
european,,russian dnb,drum & bass,,,
european,,russian rave,edm,"Pop with heavy electronic music (drum and bass, dubstep etc.)",,
european,,samba,samba,,,
european,,skweee,experimental,Experimental electronic music from scandinavian artists. Combine elements of funk and bass music.,,
european,,tekk,hardtek,,,
european,,uk dancehall,afro,,,
european,,uk dnb,drum & bass,,,
european,,uk garage,uk garage,,,
european,,ukg revival,uk garage,,,
european,,variete francaise,pop,,,
european,,ye ye,pop,,,
folk & traditional,,algerian folk,Null,,,
folk & traditional,,anti-folk,punk,,,
folk & traditional,,arab folk,Null,,,
folk & traditional,,baltic folk,Null,,,
folk & traditional,,breton folk,Null,,,
folk & traditional,,cape verdean folk,Null,Should be linked to latino / brazilian,,
folk & traditional,,celtic rock,rock,,,
folk & traditional,,corsican folk,Null,,,
folk & traditional,,estonian folk,Null,,,
folk & traditional,,folk,pop,,,
folk & traditional,,folk rock,rock,,,
folk & traditional,,freak folk,pop,Psychedelic rock inspired folk,,
folk & traditional,,french folk pop,pop,,,
folk & traditional,,french indie folk,pop,,,
folk & traditional,,indie folk,pop,,,
folk & traditional,,indie folk italiano,pop,,,
folk & traditional,,medieval folk,Null,,,
folk & traditional,,nuevo folklore argentino,Null,Should be linked to latino / brazilian,,
folk & traditional,,spanish indie folk,Null,,,
folk & traditional,,thai folk rock,pop rock,,,
hip-hop & rap,,abstract hip hop,hip hop,Psychedelic hip hop,,
hip-hop & rap,,afroswing,afro,,,
hip-hop & rap,,alternative hip hop,hip hop,,,
hip-hop & rap,,anime rap,rap,,,
hip-hop & rap,,arabic hip hop,hip hop,,,
hip-hop & rap,,bboy,hip hop,hip hop instrumentals to breakdance on,,
hip-hop & rap,,beatboxing,hip hop,,,
hip-hop & rap,,belgian hip hop,hip hop,,,
hip-hop & rap,,bisaya rap,rap,,,
hip-hop & rap,,bmore,bass,,,
hip-hop & rap,,boom bap,rap,,,
hip-hop & rap,,brazilian hip hop,hip hop,,,
hip-hop & rap,,breakbeat,breakbeat,,,
hip-hop & rap,,breaks,breakbeat,,,
hip-hop & rap,,broken beat,Null,Electronic version of jazz,,
hip-hop & rap,,buffalo hip hop,hip hop,,,
hip-hop & rap,,cali rap,rap,,,
hip-hop & rap,,canadian hip hop,hip hop,,,
hip-hop & rap,,conscious hip hop,hip hop,,,
hip-hop & rap,,croatian hip hop,hip hop,,,
hip-hop & rap,,czech hip hop,hip hop,,,
hip-hop & rap,,dark trap,trap,,,
hip-hop & rap,,desi hip hop,hip hop,,,
hip-hop & rap,,detroit hip hop,hip hop,,,
hip-hop & rap,,dmv rap,trap,,,
hip-hop & rap,,drill francais,drill,,,
hip-hop & rap,,dutch hip hop,hip hop,,,
hip-hop & rap,,dutch rap pop,rap,,,
hip-hop & rap,,east coast hip hop,hip hop,,,
hip-hop & rap,,electronic trap,bass,Electronic trap is different from trap. Electronic trap is a bass subgenre,,
hip-hop & rap,,emo rap,rap,,,
hip-hop & rap,,experimental hip hop,hip hop,,,
hip-hop & rap,,florida rap,rap,,,
hip-hop & rap,,french hip hop,hip hop,,,
hip-hop & rap,,gangster rap,rap,,,
hip-hop & rap,,german cloud rap,rap,,,
hip-hop & rap,,german hip hop,hip hop,,,
hip-hop & rap,,german underground rap,rap,,,
hip-hop & rap,,gothenburg hip hop,hip hop,,,
hip-hop & rap,,grime,grime,,,
hip-hop & rap,,hardcore hip hop,hip hop,,,
hip-hop & rap,,hip hop,hip hop,,,
hip-hop & rap,,hip hop quebecois,hip hop,,,
hip-hop & rap,,hip hop tuga,hip hop,,,
hip-hop & rap,,hip house,house,,,
hip-hop & rap,,hip-hop experimental,hip hop,,,
hip-hop & rap,,hip-hop/rap,hip hop,,,
hip-hop & rap,,hungarian hip hop,hip hop,,,
hip-hop & rap,,hungarian underground rap,rap,,,
hip-hop & rap,,indonesian hip hop,hip hop,,,
hip-hop & rap,,industrial hip hop,hip hop,,,
hip-hop & rap,,israeli hip hop,hip hop,,,
hip-hop & rap,,italian hip hop,hip hop,,,
hip-hop & rap,,jazz rap,rap,,,
hip-hop & rap,,korean old school hip hop,hip hop,,,
hip-hop & rap,,latin hip hop,hip hop,,,
hip-hop & rap,,lgbtq+ hip hop,hip hop,,,
hip-hop & rap,,london rap,rap,,,
hip-hop & rap,,manchester hip hop,hip hop,,,
hip-hop & rap,,meme rap,rap,,,
hip-hop & rap,,mexican hip hop,hip hop,,,
hip-hop & rap,,new jersey rap,rap,,,
hip-hop & rap,,nigerian hip hop,hip hop,,,
hip-hop & rap,,north carolina hip hop,hip hop,,,
hip-hop & rap,,nyc rap,rap,,,
hip-hop & rap,,old school rap francais,rap,,,
hip-hop & rap,,phonk,trap,,,
hip-hop & rap,,pop rap,rap,,,
hip-hop & rap,,pop rap brasileiro,rap,,,
hip-hop & rap,,psychedelic hip hop,hip hop,,,
hip-hop & rap,,queens hip hop,hip hop,,,
hip-hop & rap,,rap,rap,,,
hip-hop & rap,,rap algerien,rap,,,
hip-hop & rap,,rap angolano,rap,,,
hip-hop & rap,,rap antillais,rap,,,
hip-hop & rap,,rap baiano,rap,,,
hip-hop & rap,,rap baixada fluminense,rap,,,
hip-hop & rap,,rap belge,rap,,,
hip-hop & rap,,rap calme,rap,,,
hip-hop & rap,,rap catarinense,rap,,,
hip-hop & rap,,rap cearense,rap,,,
hip-hop & rap,,rap chileno,rap,,,
hip-hop & rap,,rap conciencia,rap,,,
hip-hop & rap,,rap conscient,rap,,,
hip-hop & rap,,rap df,rap,,,
hip-hop & rap,,rap feminino nacional,rap,,,
hip-hop & rap,,rap francais,rap,,,
hip-hop & rap,,rap gaucho,rap,,,
hip-hop & rap,,rap guarulhense,rap,,,
hip-hop & rap,,rap inde,rap,,,
hip-hop & rap,,rap latina,rap,,,
hip-hop & rap,,rap maroc,rap,,,
hip-hop & rap,,rap marseille,rap,,,
hip-hop & rap,,rap mineiro,rap,,,
hip-hop & rap,,rap montrealais,rap,,,
hip-hop & rap,,rap nacional antigo,rap,,,
hip-hop & rap,,rap napoletano,rap,,,
hip-hop & rap,,rap tunisien,rap,,,
hip-hop & rap,,russian gangster rap,rap,,,
hip-hop & rap,,russian hip hop,hip hop,,,
hip-hop & rap,,scottish hip hop,hip hop,,,
hip-hop & rap,,scratch,hip hop,,,
hip-hop & rap,,seattle hip hop,hip hop,,,
hip-hop & rap,,southern hip hop,hip hop,,,
hip-hop & rap,,swedish drill,drill,,,
hip-hop & rap,,swedish gangsta rap,rap,,,
hip-hop & rap,,swedish hip hop,hip hop,,,
hip-hop & rap,,swedish trap,trap,,,
hip-hop & rap,,swiss hip hop,hip hop,,,
hip-hop & rap,,tennessee hip hop,hip hop,,,
hip-hop & rap,,trap,trap,,,
hip-hop & rap,,trap antillais,trap,,,
hip-hop & rap,,trap brasileiro,trap,,,
hip-hop & rap,,trap carioca,trap,,,
hip-hop & rap,,trap catala,trap,,,
hip-hop & rap,,trap dominicano,trap,,,
hip-hop & rap,,trap latino,trap,,,
hip-hop & rap,,trap tuga,trap,,,
hip-hop & rap,,trip hop,Null,It may designate electronic trip hop (Wax Tailor) or rock trip hop (Archive),,
hip-hop & rap,,turntablism,hip hop,,,
hip-hop & rap,,uk alternative hip hop,hip hop,,,
hip-hop & rap,,uk drill,drill,,,
hip-hop & rap,,uk hip hop,hip hop,,,
hip-hop & rap,,underground hip hop,hip hop,,,
hip-hop & rap,,upstate ny rap,rap,,,
hip-hop & rap,,vapor trap,bass,Electronic trap,,
hip-hop & rap,,venezuelan hip hop,hip hop,,,
hip-hop & rap,,virginia hip hop,hip hop,,,
hip-hop & rap,,west coast trap,trap,,,
instrumental,,afro-cuban percussion,Null,Should be linked to latino / brazilian genre,,
instrumental,,balkan brass,Null,Should be linked to Instrumental genre,,
instrumental,,bandoneon,Null,Should be linked to latino / brazilian genre,,
instrumental,,banjo,Null,Should be linked to Instrumental genre,,
instrumental,,double drumming,rock,,,
instrumental,,hangpan,Null,Should be linked to Instrumental genre,,
instrumental,,instrumental grime,Null,Should be linked to UK genre,,
jazz & standards,,arabic jazz,Null,Arabic folk with jazz influences,,
jazz & standards,,bay area indie,pop,,,
jazz & standards,,bossa nova,bossa nova,,,
jazz & standards,,brazilian jazz,jazz,,,
jazz & standards,,british jazz,jazz,,,
jazz & standards,,coverchill,pop,A catch-all for covers. Mostly transformed into mainstream deep house tracks.,,
jazz & standards,,electro jazz,Null,A catch-all for electronic music with jazz influences,,
jazz & standards,,experimental jazz,jazz,,,
jazz & standards,,french jazz,jazz,,,
jazz & standards,,indie jazz,jazz,,,
jazz & standards,,jazz,jazz,,,
jazz & standards,,jazz blues,blues,,,
jazz & standards,,jazz boom bap,rap,,,
jazz & standards,,jazz fusion,jazz,,,
jazz & standards,,jazz trumpet,jazz,,,
jazz & standards,,jazztronica,jazz,Jazz with electronic elements,,
jazz & standards,,jazzy dnb,drum & bass,,,
jazz & standards,,latin jazz,Null,"Latin music (salsa, mambo etc.) with jazz influences. Should be linked to latino / brazilian genre.",,
jazz & standards,,livetronica,electronica,,,
jazz & standards,,nu jazz,jazz,,,
jazz & standards,,portuguese jazz,jazz,,,
jazz & standards,,samba-jazz,jazz,Jazz with samba elements.,,
jazz & standards,,turkish jazz,jazz,,,
jazz & standards,,vocal jazz,jazz,,,
latin,,afrobeat brasileiro,afrobeat,,,
latin,,afrofuturismo brasileiro,Null,Latin pop music with afro influences. Should be linked to latino / brazilian genre.,,
latin,,axe,axe,,,
latin,,baiao,brazilian,,,
latin,,boom bap brasileiro,rap,,,
latin,,boom bap espanol,rap,,,
latin,,brass band brasileiro,jazz,,,
latin,,brazilian boogie,brazilian,,,
latin,,brazilian dnb,drum & bass,,,
latin,,cantaditas,eurodance,,,
latin,,cantautora argentina,Null,Should be linked to latino / brazilian genre.,,
latin,,chicha,Null,Should be linked to latino / brazilian genre.,,
latin,,choro,brazilian,,,
latin,,choro contemporaneo,brazilian,,,
latin,,cuban rumba,Null,Should be linked to latino / brazilian genre.,,
latin,,cumbia,Null,Should be linked to latino / brazilian genre.,,
latin,,cumbia del sureste,Null,Should be linked to latino / brazilian genre.,,
latin,,dancehall guyanaise,dancehall,,,
latin,,drill brasileiro,drill,,,
latin,,eletronica underground brasileira,electronica,A catch-all for dark electronic music from brasilian artists.,,
latin,,gotico brasileiro,brazilian,,,
latin,,grime brasileiro,grime,,,
latin,,indie curitibano,brazilian,,,
latin,,kompa gouyad,reggaeton,,,
latin,,latin,afro,Haitian modern genre influenced by traditionnal music,,
latin,,latintronica,electronica,,,
latin,,manguebeat,brazilian,,,
latin,,mpb,mpb,,,
latin,,musica baiana,brazilian,,,
latin,,musica campineira,brazilian,,,
latin,,musica eletronica brasileira,Null,,,
latin,,musica feirense,brazilian,,,
latin,,musica paraibana,mpb,,,
latin,,musica pernambucana,brazilian,,,
latin,,musica rondoniense,brazilian,,,
latin,,musique guadeloupe,afro,Afro-caribean,,
latin,,neoperreo,reggaeton,,,
latin,,nova mpb,mpb,,,
latin,,nova musica carioca,brazilian,,,
latin,,nova musica maranhense,brazilian,,,
latin,,nova musica paulista,brazilian,,,
latin,,nova musica pernambucana,brazilian,,,
latin,,nu-cumbia,Null,Should be linked to latino / brazilian genre.,,
latin,,pagode,pagode,,,
latin,,partido alto,samba,,,
latin,,perreo,reggaeton,,,
latin,,pop lgbtq+ brasileira,brazilian,,,
latin,,reggaeton,reggaeton,,,
latin,,reggaeton flow,reggaeton,,,
latin,,salsa international,salsa,,,
latin,,salsa puertorriquena,salsa,,,
latin,,samba moderno,salsa,,,
latin,,samba-enredo,samba,,,
latin,,sambass,drum & bass,drum and bass with samba elements,,
latin,,shoegaze brasileiro,indie rock,,,
latin,,tecnobrega,brazilian,,,
latin,,trival,Null,Should be linked to latino / brazilian genre.,,
latin,,tropicalia,brazilian,,,
latin,,umbanda,brazilian,,,
latin,,urbano espanol,hip hop,,,
latin,,urbano latino,hip hop,,,
latin,,velha guarda,brazilian,,,
latin,,violao,Null,Latin guitare tracks. Should be linked to latino / brazilian genre.,,
latin,,zouk,afro,Afro-caribean,,
metal,,alternative metal,metal,,,
metal,,avant-garde metal,metal,,,
metal,,belgian metal,metal,,,
metal,,death industrial,death metal,,,
metal,,deathstep,dubstep,,,
metal,,djent,heavy metal,,,
metal,,dub metal,metal,,,
metal,,french death metal,death metal,,,
metal,,french metal,metal,,,
metal,,gaian doom,heavy metal,,,
metal,,glam metal,metal,,,
metal,,gothenburg metal,metal,,,
metal,,groove metal,metal,,,
metal,,industrial metal,industrial metal,,,
metal,,melodic metal,metal,,,
metal,,melodic metalcore,metalcore,,,
metal,,metal,metal,,,
metal,,metalcore,metalcore,,,
metal,,mexican metal,metal,,,
metal,,neo metal,metal,,,
metal,,nu metal,metal,,,
metal,,nu-metalcore,metalcore,,,
metal,,post-metal,metal,,,
metal,,progressive groove metal,metal,,,
metal,,progressive metal,metal,,,
metal,,rap metal,metal,,,
metal,,slayer,heavy metal,,,
metal,,symphonic death metal,death metal,,,
metal,,symphonic metal,metal,,,
metal,,symphonic power metal,heavy metal,,,
metal,,uk metalcore,metalcore,,,
metal,,ukrainian metal,metal,,,
middle eastern,,arab groove,Null,Arab folk music with funk/jazz influences,,
middle eastern,,dabke,Null,Arab folk music with electronic elements,,
middle eastern,,moorish traditional,Null,Arab folk music,,
others,,abstract,experimental,,,
others,,arab experimental,experimental,,,
others,,australian experimental,experimental,,,
others,,brazilian experimental,experimental,,,
others,,british experimental,experimental,,,
others,,danish experimental,experimental,,,
others,,experimental bass,experimental,,,
others,,fake,experimental,,,
others,,finnish experimental,experimental,,,
others,,fourth world,experimental,"Combination of ambient, electronic and traditional elements",,
others,,italian experimental,experimental,,,
others,,melancholia,pop,Slow dark ballads ,,
others,,mexican experimental,experimental,,,
others,,multidisciplinary,experimental,,,
others,,noise,noise,,,
others,,one-person band,Null,,,
others,,pink noise,pop,,,
others,,power noise,industrial,,,
others,,swiss experimental,experimental,,,
others,,therapy,ambient,Sounds for relaxation including this wonderful album https://open.spotify.com/intl-fr/album/3wvZawG0YY7KpkKPuPGocv,,
others,,ukrainian experimental,experimental,,,
others,,world,Null,,,
others,,worldwide,Null,,,
pop,,adelaide indie,pop,,,
pop,,adult standards,pop,"Frank Sinatra, Paul Anka",,
pop,,afghan pop,Null,Traditional songs with western pop elements but still far from it,,
pop,,afro dancehall,dancehall,,,
pop,,afropop,afro,,,
pop,,ambeat,downtempo,,,
pop,,arab pop,Null,Traditional songs with western pop elements but still far from it,,
pop,,argentine indie,pop,,,
pop,,art pop,pop,,,
pop,,australian indie,pop,,,
pop,,australian psych,psychedelic rock,,,
pop,,baltimore indie,pop,,,
pop,,baroque pop,pop,,,
pop,,basel indie,pop,,,
pop,,bedroom pop,pop,,,
pop,,belgian indie,pop,,,
pop,,belgian pop,pop,,,
pop,,bow pop,classical,,,
pop,,boy band,pop,,,
pop,,brazilian indie,pop,,,
pop,,brighton indie,pop,,,
pop,,bristol indie,pop,,,
pop,,c86,pop,,,
pop,,canadian electropop,pop,,,
pop,,canadian pop,pop,,,
pop,,candy pop,pop,,,
pop,,chamber pop,pop,,,
pop,,chamber psych,pop,,,
pop,,chanson,pop,,,
pop,,chanson paillarde,Null,,,
pop,,chanson virale,Null,,,
pop,,cincinnati indie,pop,,,
pop,,classic arab pop,Null,,,
pop,,classic italian pop,Traditional songs with western pop elements but still far from it,,,
pop,,classic persian pop,Traditional songs with western pop elements but still far from it,,,
pop,,classic thai pop,Traditional songs with western pop elements but still far from it,,,
pop,,collage pop,pop,,,
pop,,colombian indie,pop,,,
pop,,cornwall indie,pop,,,
pop,,dance pop,pop,,,
pop,,danish electropop,pop,,,
pop,,danish indie,pop,,,
pop,,dark disco,industrial,,,
pop,,detroit indie,pop,,,
pop,,dominican indie,Null,Should be linked to latino / brazilian genre.,,
pop,,dominican pop,Null,Should be linked to latino / brazilian genre.,,
pop,,dream pop,pop,,,
pop,,dreamgaze,pop,,,
pop,,dutch indie,pop,,,
pop,,ecuadorian indie,Null,Should be linked to latino / brazilian genre.,,
pop,,electro-pop francais,pop,,,
pop,,estonian pop,pop,,,
pop,,experimental indie,pop,,,
pop,,experimental pop,pop,,,
pop,,finnish indie,pop,,,
pop,,francoton,pop,,,
pop,,french indie pop,pop,,,
pop,,french pop,pop,,,
pop,,french synthpop,pop,,,
pop,,funk pop,pop,,,
pop,,garage pop,pop,,,
pop,,gauze pop,pop,,,
pop,,german indie,pop,,,
pop,,german indie pop,pop,,,
pop,,greek pop,pop,,,
pop,,hamilton on indie,pop,,,
pop,,heavy psych,psychedelic rock,,,
pop,,hip pop,hip hop,,,
pop,,hmong pop,Null,,,
pop,,hyperpop,pop,,,
pop,,hyperpop brasileiro,brazilian,,,
pop,,hyperpop francais,pop,,,
pop,,indie dream pop,pop,,,
pop,,indie electropop,pop,,,
pop,,indie pop,pop,,,
pop,,indie poptimism,pop,,,
pop,,indietronica,pop,,,
pop,,indonesian indie,Null,,,
pop,,isle of wight indie,indie rock,,,
pop,,israeli indie,pop,,,
pop,,israeli pop,Null,,,
pop,,italian adult pop,pop,,,
pop,,italian indie pop,pop,,,
pop,,italian pop,pop,,,
pop,,k-pop,k-pop,,,
pop,,korean pop,k-pop,,,
pop,,kosovan pop,Null,,,
pop,,la indie,pop,,,
pop,,la pop,pop,,,
pop,,latin afrobeat,Null,Should be linked to latino / brazilian genre.,,
pop,,latvian pop,Null,,,
pop,,lebanese indie,Null,,,
pop,,mande pop,afro,,,
pop,,metropopolis,pop,,,
pop,,miami indie,pop,,,
pop,,minimal wave,minimal synth,,,
pop,,minneapolis indie,pop,,,
pop,,modern indie pop,pop,,,
pop,,moroccan pop,Null,,,
pop,,munich indie,pop,,,
pop,,musica popular mineira,brazilian,,,
pop,,musica popular paraense,brazilian,,,
pop,,nantes indie,pop,,,
pop,,neo mellow,indie rock,,,
pop,,neo-synthpop,pop,,,
pop,,new jersey indie,pop,,,
pop,,new romantic,new rave,,,
pop,,new wave pop,pop,,,
pop,,nice indie,indie rock,,,
pop,,nigerian pop,afro,,,
pop,,noise pop,indie rock,,,
pop,,norwegian indie,pop,,,
pop,,nouvelle chanson francaise,pop,,,
pop,,nu disco,industrial,,,
pop,,nyc pop,pop,,,
pop,,nz indie,pop,,,
pop,,oxford indie,pop,,,
pop,,palestinian pop,Null,,,
pop,,persian pop,Null,,,
pop,,pop,pop,,,
pop,,pop ambient,ambient,,,
pop,,pop nacional,brazilian,,,
pop,,pop urbaine,pop,,,
pop,,pop virale italiano,pop,,,
pop,,popgaze,pop,,,
pop,,portuguese indie,pop,,,
pop,,portuguese pop,pop,,,
pop,,post-disco,disco,,,
pop,,post-teen pop,pop,,,
pop,,psychedelic pop,pop,,,
pop,,puglia indie,pop,,,
pop,,reading indie,pop,,,
pop,,rennes indie,pop,,,
pop,,reunion pop,afro,,,
pop,,romanian pop,pop,,,
pop,,rome indie,pop,,,
pop,,russian alt pop,pop,,,
pop,,russian pop,pop,,,
pop,,scottish indie,pop,,,
pop,,sheffield indie,pop,,,
pop,,shimmer pop,pop,,,
pop,,shiver pop,pop,,,
pop,,socal indie,indie rock,,,
pop,,social media pop,pop,,,
pop,,sophisti-pop,pop,,,
pop,,south african pop,new rave,,,
pop,,spanish synthpop,pop,,,
pop,,sudanese pop,Null,More traditional than western pop,,
pop,,swedish electropop,pop,,,
pop,,swedish pop,pop,,,
pop,,swedish synthpop,synthpop,,,
pop,,swedish trap pop,pop,,,
pop,,swiss pop,pop,,,
pop,,synthpop,synthpop,,,
pop,,syrian pop,Null,More traditional than western pop,,
pop,,togolese pop,Null,More traditional than western pop,,
pop,,transpop,pop,,,
pop,,tunisian pop,Null,More traditional than western pop,,
pop,,turin indie,pop,,,
pop,,turkish pop,Null,More traditional than western pop,,
pop,,turkish psych,Null,More traditional than rock,,
pop,,twee pop,pop,,,
pop,,uk alternative pop,pop,,,
pop,,uk pop,pop,,,
pop,,ukrainian indie,pop,,,
pop,,ukrainian pop,pop,,,
pop,,vapor pop,pop,,,
pop,,vegas indie,pop,,,
pop,,viral pop brasileiro,brazilian,,,
pop,,zouk riddim,afro,,,
pop,,zurich indie,pop,,,
punk,,australian garage punk,punk,,,
punk,,australian post-punk,post-punk,,,
punk,,black punk,punk,,,
punk,,boston hardcore,punk,,,
punk,,brazilian punk rock,rock,,,
punk,,dark hardcore,hardcore,,,
punk,,dark post-punk,post-punk,,,
punk,,deathrock,rock,,,
punk,,deep german punk,punk,,,
punk,,emo,rock,,,
punk,,french post-punk,post-punk,,,
punk,,french punk,punk,,,
punk,,happy hardcore,hardcore,,,
punk,,hardcore,hardcore,,,
punk,,hardcore punk,punk,,,
punk,,indie punk,punk,,,
punk,,industrial hardcore,hardcore,,,
punk,,italian emo,rock,,,
punk,,italian hardcore,punk,,,
punk,,italian post-hardcore,punk,,,
punk,,kentucky punk,punk,,,
punk,,melodic hardcore,punk,,,
punk,,mexican hardcore,punk,,,
punk,,nyhc,punk,,,
punk,,oi,punk,,,
punk,,pop punk,rock,,,
punk,,post-screamo,rock,,,
punk,,protopunk,punk,,,
punk,,punk,punk,,,
punk,,punk blues,punk,,,
punk,,punk mexicano,punk,,,
punk,,riot grrrl,punk,,,
punk,,screamo,punk,,,
punk,,skate punk,punk,,,
punk,,spanish post-punk,post-punk,,,
punk,,straight edge,punk,,,
punk,,street punk,punk,,,
punk,,surf punk,punk,,,
punk,,uk diy punk,punk,,,
punk,,uk post-punk,post-punk,,,
punk,,uk post-punk revival,post-punk,,,
punk,,uptempo hardcore,hardcore,,,
"r&b, funk & soul",,afro r&b,r&b,,,
"r&b, funk & soul",,alternative r&b,r&b,,,
"r&b, funk & soul",,brega funk,brazilian,,,
"r&b, funk & soul",,british soul,soul,,,
"r&b, funk & soul",,canadian contemporary r&b,r&b,,,
"r&b, funk & soul",,chill r&b,r&b,,,
"r&b, funk & soul",,classic soul,soul,,,
"r&b, funk & soul",,contemporary r&b,r&b,,,
"r&b, funk & soul",,cumbia funk,Null,Should be linked to latino / brazilian genre.,,
"r&b, funk & soul",,deep r&b,r&b,,,
"r&b, funk & soul",,disco,disco,,,
"r&b, funk & soul",,dutch r&b,r&b,,,
"r&b, funk & soul",,experimental r&b,r&b,,,
"r&b, funk & soul",,funk 150 bpm,brazilian,,,
"r&b, funk & soul",,funk carioca,brazilian,,,
"r&b, funk & soul",,funk consciente,brazilian,,,
"r&b, funk & soul",,funk das antigas,brazilian,,,
"r&b, funk & soul",,funk mandelao,brazilian,,,
"r&b, funk & soul",,funk melody,brazilian,,,
"r&b, funk & soul",,funk ostentacao,brazilian,,,
"r&b, funk & soul",,funk paulista,brazilian,,,
"r&b, funk & soul",,future funk,dance,,,
"r&b, funk & soul",,girl group,pop,,,
"r&b, funk & soul",,indie r&b,r&b,,,
"r&b, funk & soul",,indie soul,soul,,,
"r&b, funk & soul",,instrumental funk,funk,,,
"r&b, funk & soul",,liquid funk,funk,,,
"r&b, funk & soul",,mega funk,brazilian,,,
"r&b, funk & soul",,modern funk,funk,,,
"r&b, funk & soul",,neo r&b,r&b,,,
"r&b, funk & soul",,neo soul,soul,,,
"r&b, funk & soul",,new jack swing,r&b,,,
"r&b, funk & soul",,pinoy r&b,r&b,,,
"r&b, funk & soul",,pop r&b,r&b,,,
"r&b, funk & soul",,r&b,r&b,,,
"r&b, funk & soul",,r&b brasileiro,r&b,,,
"r&b, funk & soul",,r&b en espanol,r&b,,,
"r&b, funk & soul",,r&b italiano,r&b,,,
"r&b, funk & soul",,r&b/soul,r&b,,,
"r&b, funk & soul",,scandinavian r&b,r&b,,,
"r&b, funk & soul",,soul,soul,,,
"r&b, funk & soul",,synth funk,funk,,,
"r&b, funk & soul",,trap funk,trap,,,
"r&b, funk & soul",,uk contemporary r&b,r&b,,,
"r&b, funk & soul",,uk funky,funk,,,
"r&b, funk & soul",,urban contemporary,hip hop,,,
"r&b, funk & soul",,vapor soul,soul,,,
reggae,,african reggae,reggae,,,
reggae,,australian reggae fusion,reggae,,,
reggae,,brazilian reggae,reggae,,,
reggae,,dub,dub,,,
reggae,,dub reggae,dub,,,
reggae,,french reggae,reggae,,,
reggae,,german reggae,reggae,,,
reggae,,modern reggae,reggae,,,
reggae,,old school dancehall,dancehall,,,
reggae,,reggae,reggae,,,
reggae,,reggae catala,reggae,,,
reggae,,reggae en espanol,reggae,,,
reggae,,reggae fusion,reggae,,,
reggae,,reggae maghreb,reggae,,,
reggae,,reggae tuga,reggae,,,
reggae,,roots reggae,reggae,,,
reggae,,ska,rock,,,
reggae,,spanish reggae,reggae,,,
reggae,,swiss reggae,reggae,,,
reggae,,uk reggae,reggae,,,
rock,,acid rock,psychedelic rock,,,
rock,,action rock,rock,,,
rock,,album rock,rock,,,
rock,,argentine rock,rock,,,
rock,,art rock,rock,,,
rock,,australian rock,rock,,,
rock,,australian shoegaze,indie rock,,,
rock,,belgian indie rock,indie dance,,,
rock,,belgian rock,rock,,,
rock,,blues rock,rock,,,
rock,,brazilian indie rock,indie rock,,,
rock,,brazilian lo-fi rock,rock,,,
rock,,brazilian rock,rock,,,
rock,,classic garage rock,rock,,,
rock,,classic rock,rock,,,
rock,,colombian rock,rock,,,
rock,,dance rock,pop rock,,,
rock,,deep classic garage rock,rock,,,
rock,,deep space rock,psychedelic rock,,,
rock,,english indie rock,indie rock,,,
rock,,ethereal wave,dark wave,,,
rock,,freakbeat,pop rock,,,
rock,,french garage rock,rock,,,
rock,,french psychedelic,psychedelic rock,,,
rock,,french rock,rock,,,
rock,,french stoner rock,rock,,,
rock,,future rock,rock,,,
rock,,garage psych,psychedelic rock,,,
rock,,garage rock,rock,,,
rock,,garage rock revival,rock,,,
rock,,german rock,rock,,,
rock,,glam rock,rock,,,
rock,,gothic rock,rock,,,
rock,,grave wave,dark wave,,,
rock,,hard rock,hard rock,,,
rock,,icelandic rock,rock,,,
rock,,indie garage rock,indie rock,,,
rock,,industrial rock,rock,,,
rock,,instrumental rock,rock,,,
rock,,irish indie rock,indie rock,,,
rock,,jam band,Null,"Can be jazz, funk, rock etc.",,
rock,,latin rock,rock,,,
rock,,lovers rock,reggae,Not a rock subgenre : https://en.wikipedia.org/wiki/Lovers'_rock ,,
rock,,medieval rock,rock,,,
rock,,mellow gold,pop rock,,,
rock,,modern blues rock,rock,,,
rock,,modern rock,rock,,,
rock,,neo-psychedelic,psychedelic rock,,,
rock,,new wave,pop,,,
rock,,noise rock,rock,,,
rock,,nordic post-rock,indie rock,,,
rock,,novo rock gaucho,pop rock,,,
rock,,permanent wave,rock,,,
rock,,persian rock,rock,,,
rock,,pinoy rock,rock,,,
rock,,pop rock,pop rock,,,
rock,,portuguese rock,rock,,,
rock,,post-grunge,rock,,,
rock,,post-hardcore,punk,,,
rock,,post-punk,post-punk,,,
rock,,post-rock,rock,,,
rock,,psychedelic rock,psychedelic rock,,,
rock,,psychedelic space rock,psychedelic rock,,,
rock,,pub rock,rock,,,
rock,,rap rock,rap,,,
rock,,rock,rock,,,
rock,,rock alternatif francais,indie rock,,,
rock,,rock baiano,rock,,,
rock,,rock independant francais,indie rock,,,
rock,,rock nacional,rock,,,
rock,,rock sergipano,rock,,,
rock,,rock steady,reggae,,,
rock,,romanian rock,rock,,,
rock,,roots rock,rock,,,
rock,,russian rock,rock,,,
rock,,scottish rock,rock,,,
rock,,slowcore,indie rock,,,
rock,,soft rock,pop rock,,,
rock,,space rock,psychedelic rock,,,
rock,,swedish melodic rock,rock,,,
rock,,swiss rock,rock,,,
rock,,symphonic rock,rock,,,
rock,,thai rock,rock,,,
rock,,turkish rock,rock,,,
"soundtrack, stage & screen",,guaracha,Null,Cuban genre. Should be linked to latino / brazilian genre.,,
"soundtrack, stage & screen",,soundtrack,Null,,,
spirituals,,christian,Null,,,
spirituals,,shamanic,Null,,,
sports,,speedrun,Null,,,